title,authorId,categoryId,publishedAt,excerpt,body
"Generated Post 1 - Podcast","author-csdgi","category-podcast","2023-10-27T04:42:23.231Z","This is a generated excerpt for post 1.","This is the full body content for generated post 1, belonging to the Podcast category."
"Generated Post 2 - Report","author-csdgi","category-report","2025-10-09T07:38:09.117Z","This is a generated excerpt for post 2.","This is the full body content for generated post 2, belonging to the Report category."
"Generated Post 3 - Report","author-csdgi","category-report","2021-12-26T18:07:59.306Z","This is a generated excerpt for post 3.","This is the full body content for generated post 3, belonging to the Report category."
"Generated Post 4 - Report","author-csdgi","category-report","2024-12-05T11:58:14.447Z","This is a generated excerpt for post 4.","This is the full body content for generated post 4, belonging to the Report category."
"Generated Post 5 - Report","author-csdgi","category-report","2025-06-01T06:38:21.673Z","This is a generated excerpt for post 5.","This is the full body content for generated post 5, belonging to the Report category."
"Generated Post 6 - Report","author-csdgi","category-report","2023-06-27T01:42:40.088Z","This is a generated excerpt for post 6.","This is the full body content for generated post 6, belonging to the Report category."
"Generated Post 7 - Report","author-csdgi","category-report","2022-11-09T13:39:50.858Z","This is a generated excerpt for post 7.","This is the full body content for generated post 7, belonging to the Report category."
"Generated Post 8 - Report","author-csdgi","category-report","2022-02-11T10:19:51.851Z","This is a generated excerpt for post 8.","This is the full body content for generated post 8, belonging to the Report category."
"Generated Post 9 - Podcast","author-csdgi","category-podcast","2023-01-08T16:56:10.530Z","This is a generated excerpt for post 9.","This is the full body content for generated post 9, belonging to the Podcast category."
"Generated Post 10 - Report","author-csdgi","category-report","2025-11-02T18:00:57.219Z","This is a generated excerpt for post 10.","This is the full body content for generated post 10, belonging to the Report category."
"Generated Post 11 - Report","author-csdgi","category-report","2024-12-14T06:45:11.565Z","This is a generated excerpt for post 11.","This is the full body content for generated post 11, belonging to the Report category."
"Generated Post 12 - Report","author-csdgi","category-report","2024-07-31T09:38:49.749Z","This is a generated excerpt for post 12.","This is the full body content for generated post 12, belonging to the Report category."
"Generated Post 13 - Interview","author-csdgi","category-interview","2023-06-02T20:44:17.960Z","This is a generated excerpt for post 13.","This is the full body content for generated post 13, belonging to the Interview category."
"Generated Post 14 - Report","author-csdgi","category-report","2024-06-07T12:23:59.902Z","This is a generated excerpt for post 14.","This is the full body content for generated post 14, belonging to the Report category."
"Generated Post 15 - Interview","author-csdgi","category-interview","2024-10-12T04:33:01.159Z","This is a generated excerpt for post 15.","This is the full body content for generated post 15, belonging to the Interview category."
"Generated Post 16 - Report","author-csdgi","category-report","2023-01-01T03:56:27.811Z","This is a generated excerpt for post 16.","This is the full body content for generated post 16, belonging to the Report category."
"Generated Post 17 - Interview","author-csdgi","category-interview","2023-10-14T16:57:13.505Z","This is a generated excerpt for post 17.","This is the full body content for generated post 17, belonging to the Interview category."
"Generated Post 18 - Report","author-csdgi","category-report","2024-12-15T08:02:39.103Z","This is a generated excerpt for post 18.","This is the full body content for generated post 18, belonging to the Report category."
"Generated Post 19 - Interview","author-csdgi","category-interview","2024-04-30T12:42:34.488Z","This is a generated excerpt for post 19.","This is the full body content for generated post 19, belonging to the Interview category."
"Generated Post 20 - Report","author-csdgi","category-report","2021-09-16T14:15:31.294Z","This is a generated excerpt for post 20.","This is the full body content for generated post 20, belonging to the Report category."
"Generated Post 21 - Report","author-csdgi","category-report","2021-10-07T01:09:44.384Z","This is a generated excerpt for post 21.","This is the full body content for generated post 21, belonging to the Report category."
"Generated Post 22 - Report","author-csdgi","category-report","2023-09-16T22:36:39.558Z","This is a generated excerpt for post 22.","This is the full body content for generated post 22, belonging to the Report category."
"Generated Post 23 - Report","author-csdgi","category-report","2022-04-28T13:58:17.022Z","This is a generated excerpt for post 23.","This is the full body content for generated post 23, belonging to the Report category."
"Generated Post 24 - Event","author-csdgi","category-event","2022-12-21T03:01:37.557Z","This is a generated excerpt for post 24.","This is the full body content for generated post 24, belonging to the Event category."
"Generated Post 25 - Report","author-csdgi","category-report","2022-04-27T14:53:17.459Z","This is a generated excerpt for post 25.","This is the full body content for generated post 25, belonging to the Report category."
"Generated Post 26 - Report","author-csdgi","category-report","2025-01-03T06:41:40.984Z","This is a generated excerpt for post 26.","This is the full body content for generated post 26, belonging to the Report category."
"Generated Post 27 - Report","author-csdgi","category-report","2023-07-11T12:54:49.287Z","This is a generated excerpt for post 27.","This is the full body content for generated post 27, belonging to the Report category."
"Generated Post 28 - Report","author-csdgi","category-report","2023-05-21T04:31:32.989Z","This is a generated excerpt for post 28.","This is the full body content for generated post 28, belonging to the Report category."
"Generated Post 29 - Interview","author-csdgi","category-interview","2022-12-21T11:16:14.279Z","This is a generated excerpt for post 29.","This is the full body content for generated post 29, belonging to the Interview category."
"Generated Post 30 - Interview","author-csdgi","category-interview","2023-10-19T23:32:55.926Z","This is a generated excerpt for post 30.","This is the full body content for generated post 30, belonging to the Interview category."
"Generated Post 31 - Report","author-csdgi","category-report","2023-01-18T22:26:51.320Z","This is a generated excerpt for post 31.","This is the full body content for generated post 31, belonging to the Report category."
"Generated Post 32 - Report","author-csdgi","category-report","2021-10-17T00:56:20.984Z","This is a generated excerpt for post 32.","This is the full body content for generated post 32, belonging to the Report category."
"Generated Post 33 - Report","author-csdgi","category-report","2024-12-26T10:21:34.579Z","This is a generated excerpt for post 33.","This is the full body content for generated post 33, belonging to the Report category."
"Generated Post 34 - Report","author-csdgi","category-report","2022-06-23T00:03:33.980Z","This is a generated excerpt for post 34.","This is the full body content for generated post 34, belonging to the Report category."
"Generated Post 35 - Report","author-csdgi","category-report","2025-07-31T06:13:21.664Z","This is a generated excerpt for post 35.","This is the full body content for generated post 35, belonging to the Report category."
"Generated Post 36 - Report","author-csdgi","category-report","2023-06-03T13:01:42.930Z","This is a generated excerpt for post 36.","This is the full body content for generated post 36, belonging to the Report category."
"Generated Post 37 - Interview","author-csdgi","category-interview","2025-03-13T08:55:28.683Z","This is a generated excerpt for post 37.","This is the full body content for generated post 37, belonging to the Interview category."
"Generated Post 38 - Report","author-csdgi","category-report","2024-06-08T18:39:26.872Z","This is a generated excerpt for post 38.","This is the full body content for generated post 38, belonging to the Report category."
"Generated Post 39 - Report","author-csdgi","category-report","2024-04-06T00:43:49.460Z","This is a generated excerpt for post 39.","This is the full body content for generated post 39, belonging to the Report category."
"Generated Post 40 - Podcast","author-csdgi","category-podcast","2025-03-24T12:42:46.432Z","This is a generated excerpt for post 40.","This is the full body content for generated post 40, belonging to the Podcast category."
"Generated Post 41 - Report","author-csdgi","category-report","2022-02-11T11:57:41.317Z","This is a generated excerpt for post 41.","This is the full body content for generated post 41, belonging to the Report category."
"Generated Post 42 - Report","author-csdgi","category-report","2023-11-14T03:33:56.718Z","This is a generated excerpt for post 42.","This is the full body content for generated post 42, belonging to the Report category."
"Generated Post 43 - Report","author-csdgi","category-report","2025-01-28T08:00:54.759Z","This is a generated excerpt for post 43.","This is the full body content for generated post 43, belonging to the Report category."
"Generated Post 44 - Podcast","author-csdgi","category-podcast","2025-06-01T21:39:10.368Z","This is a generated excerpt for post 44.","This is the full body content for generated post 44, belonging to the Podcast category."
"Generated Post 45 - Podcast","author-csdgi","category-podcast","2023-11-03T02:54:00.427Z","This is a generated excerpt for post 45.","This is the full body content for generated post 45, belonging to the Podcast category."
"Generated Post 46 - Event","author-csdgi","category-event","2022-04-11T20:19:56.288Z","This is a generated excerpt for post 46.","This is the full body content for generated post 46, belonging to the Event category."
"Generated Post 47 - Report","author-csdgi","category-report","2022-02-05T20:23:00.071Z","This is a generated excerpt for post 47.","This is the full body content for generated post 47, belonging to the Report category."
"Generated Post 48 - Report","author-csdgi","category-report","2022-09-11T04:21:22.025Z","This is a generated excerpt for post 48.","This is the full body content for generated post 48, belonging to the Report category."
"Generated Post 49 - Report","author-csdgi","category-report","2024-10-19T15:18:06.551Z","This is a generated excerpt for post 49.","This is the full body content for generated post 49, belonging to the Report category."
"Generated Post 50 - Report","author-csdgi","category-report","2023-09-28T16:42:40.611Z","This is a generated excerpt for post 50.","This is the full body content for generated post 50, belonging to the Report category."
"Generated Post 51 - Report","author-csdgi","category-report","2023-11-02T05:18:04.528Z","This is a generated excerpt for post 51.","This is the full body content for generated post 51, belonging to the Report category."
"Generated Post 52 - Report","author-csdgi","category-report","2025-09-25T05:19:53.282Z","This is a generated excerpt for post 52.","This is the full body content for generated post 52, belonging to the Report category."
"Generated Post 53 - Podcast","author-csdgi","category-podcast","2023-12-24T22:58:41.035Z","This is a generated excerpt for post 53.","This is the full body content for generated post 53, belonging to the Podcast category."
"Generated Post 54 - Report","author-csdgi","category-report","2024-03-14T16:34:08.691Z","This is a generated excerpt for post 54.","This is the full body content for generated post 54, belonging to the Report category."
"Generated Post 55 - Interview","author-csdgi","category-interview","2021-09-15T03:32:26.431Z","This is a generated excerpt for post 55.","This is the full body content for generated post 55, belonging to the Interview category."
"Generated Post 56 - Report","author-csdgi","category-report","2022-06-18T16:16:30.147Z","This is a generated excerpt for post 56.","This is the full body content for generated post 56, belonging to the Report category."
"Generated Post 57 - Event","author-csdgi","category-event","2022-05-20T09:53:36.282Z","This is a generated excerpt for post 57.","This is the full body content for generated post 57, belonging to the Event category."
"Generated Post 58 - Report","author-csdgi","category-report","2025-07-23T07:22:40.016Z","This is a generated excerpt for post 58.","This is the full body content for generated post 58, belonging to the Report category."
"Generated Post 59 - Podcast","author-csdgi","category-podcast","2024-04-12T05:51:50.889Z","This is a generated excerpt for post 59.","This is the full body content for generated post 59, belonging to the Podcast category."
"Generated Post 60 - Report","author-csdgi","category-report","2023-02-05T10:29:49.229Z","This is a generated excerpt for post 60.","This is the full body content for generated post 60, belonging to the Report category."
"Generated Post 61 - Podcast","author-csdgi","category-podcast","2023-12-27T03:09:31.171Z","This is a generated excerpt for post 61.","This is the full body content for generated post 61, belonging to the Podcast category."
"Generated Post 62 - Report","author-csdgi","category-report","2022-03-07T06:22:17.211Z","This is a generated excerpt for post 62.","This is the full body content for generated post 62, belonging to the Report category."
"Generated Post 63 - Podcast","author-csdgi","category-podcast","2024-03-09T20:24:27.339Z","This is a generated excerpt for post 63.","This is the full body content for generated post 63, belonging to the Podcast category."
"Generated Post 64 - Podcast","author-csdgi","category-podcast","2023-10-13T12:20:01.451Z","This is a generated excerpt for post 64.","This is the full body content for generated post 64, belonging to the Podcast category."
"Generated Post 65 - Report","author-csdgi","category-report","2025-11-01T16:38:38.265Z","This is a generated excerpt for post 65.","This is the full body content for generated post 65, belonging to the Report category."
"Generated Post 66 - Report","author-csdgi","category-report","2022-11-27T03:50:16.012Z","This is a generated excerpt for post 66.","This is the full body content for generated post 66, belonging to the Report category."
"Generated Post 67 - Report","author-csdgi","category-report","2025-08-05T12:17:22.867Z","This is a generated excerpt for post 67.","This is the full body content for generated post 67, belonging to the Report category."
"Generated Post 68 - Report","author-csdgi","category-report","2021-11-17T23:00:13.134Z","This is a generated excerpt for post 68.","This is the full body content for generated post 68, belonging to the Report category."
"Generated Post 69 - Report","author-csdgi","category-report","2025-06-09T05:03:43.159Z","This is a generated excerpt for post 69.","This is the full body content for generated post 69, belonging to the Report category."
"Generated Post 70 - Report","author-csdgi","category-report","2023-01-27T22:28:42.901Z","This is a generated excerpt for post 70.","This is the full body content for generated post 70, belonging to the Report category."
"Generated Post 71 - Report","author-csdgi","category-report","2025-01-30T13:20:31.718Z","This is a generated excerpt for post 71.","This is the full body content for generated post 71, belonging to the Report category."
"Generated Post 72 - Report","author-csdgi","category-report","2025-08-31T23:53:15.877Z","This is a generated excerpt for post 72.","This is the full body content for generated post 72, belonging to the Report category."
"Generated Post 73 - Report","author-csdgi","category-report","2025-05-29T00:41:08.055Z","This is a generated excerpt for post 73.","This is the full body content for generated post 73, belonging to the Report category."
"Generated Post 74 - Report","author-csdgi","category-report","2023-03-03T14:51:18.651Z","This is a generated excerpt for post 74.","This is the full body content for generated post 74, belonging to the Report category."
"Generated Post 75 - Report","author-csdgi","category-report","2024-07-11T07:46:11.110Z","This is a generated excerpt for post 75.","This is the full body content for generated post 75, belonging to the Report category."
"Generated Post 76 - Event","author-csdgi","category-event","2021-09-13T13:10:40.859Z","This is a generated excerpt for post 76.","This is the full body content for generated post 76, belonging to the Event category."
"Generated Post 77 - Interview","author-csdgi","category-interview","2021-12-16T12:08:36.392Z","This is a generated excerpt for post 77.","This is the full body content for generated post 77, belonging to the Interview category."
"Generated Post 78 - Interview","author-csdgi","category-interview","2025-10-11T15:12:07.302Z","This is a generated excerpt for post 78.","This is the full body content for generated post 78, belonging to the Interview category."
"Generated Post 79 - Report","author-csdgi","category-report","2023-05-23T18:43:30.675Z","This is a generated excerpt for post 79.","This is the full body content for generated post 79, belonging to the Report category."
"Generated Post 80 - Report","author-csdgi","category-report","2023-05-07T18:35:28.334Z","This is a generated excerpt for post 80.","This is the full body content for generated post 80, belonging to the Report category."
"Generated Post 81 - Report","author-csdgi","category-report","2024-12-26T02:52:26.719Z","This is a generated excerpt for post 81.","This is the full body content for generated post 81, belonging to the Report category."
"Generated Post 82 - Event","author-csdgi","category-event","2025-10-20T00:28:19.264Z","This is a generated excerpt for post 82.","This is the full body content for generated post 82, belonging to the Event category."
"Generated Post 83 - Report","author-csdgi","category-report","2022-12-09T20:34:53.447Z","This is a generated excerpt for post 83.","This is the full body content for generated post 83, belonging to the Report category."
"Generated Post 84 - Interview","author-csdgi","category-interview","2025-05-26T20:21:37.814Z","This is a generated excerpt for post 84.","This is the full body content for generated post 84, belonging to the Interview category."
"Generated Post 85 - Report","author-csdgi","category-report","2023-10-13T15:07:49.169Z","This is a generated excerpt for post 85.","This is the full body content for generated post 85, belonging to the Report category."
"Generated Post 86 - Report","author-csdgi","category-report","2025-01-23T01:36:50.296Z","This is a generated excerpt for post 86.","This is the full body content for generated post 86, belonging to the Report category."
"Generated Post 87 - Report","author-csdgi","category-report","2025-04-09T03:03:21.206Z","This is a generated excerpt for post 87.","This is the full body content for generated post 87, belonging to the Report category."
"Generated Post 88 - Report","author-csdgi","category-report","2022-04-16T19:23:22.911Z","This is a generated excerpt for post 88.","This is the full body content for generated post 88, belonging to the Report category."
"Generated Post 89 - Interview","author-csdgi","category-interview","2023-12-08T21:59:42.910Z","This is a generated excerpt for post 89.","This is the full body content for generated post 89, belonging to the Interview category."
"Generated Post 90 - Report","author-csdgi","category-report","2023-05-22T00:28:38.194Z","This is a generated excerpt for post 90.","This is the full body content for generated post 90, belonging to the Report category."
"Generated Post 91 - Report","author-csdgi","category-report","2022-12-24T21:47:29.842Z","This is a generated excerpt for post 91.","This is the full body content for generated post 91, belonging to the Report category."
"Generated Post 92 - Report","author-csdgi","category-report","2023-03-12T06:22:47.903Z","This is a generated excerpt for post 92.","This is the full body content for generated post 92, belonging to the Report category."
"Generated Post 93 - Report","author-csdgi","category-report","2024-09-17T17:18:00.400Z","This is a generated excerpt for post 93.","This is the full body content for generated post 93, belonging to the Report category."
"Generated Post 94 - Event","author-csdgi","category-event","2024-12-04T12:24:31.227Z","This is a generated excerpt for post 94.","This is the full body content for generated post 94, belonging to the Event category."
"Generated Post 95 - Report","author-csdgi","category-report","2025-08-30T18:43:45.929Z","This is a generated excerpt for post 95.","This is the full body content for generated post 95, belonging to the Report category."
"Generated Post 96 - Report","author-csdgi","category-report","2024-03-16T05:03:43.361Z","This is a generated excerpt for post 96.","This is the full body content for generated post 96, belonging to the Report category."
"Generated Post 97 - Report","author-csdgi","category-report","2022-01-17T19:45:41.012Z","This is a generated excerpt for post 97.","This is the full body content for generated post 97, belonging to the Report category."
"Generated Post 98 - Report","author-csdgi","category-report","2025-03-10T13:29:09.497Z","This is a generated excerpt for post 98.","This is the full body content for generated post 98, belonging to the Report category."
"Generated Post 99 - Report","author-csdgi","category-report","2025-04-28T01:09:46.797Z","This is a generated excerpt for post 99.","This is the full body content for generated post 99, belonging to the Report category."
"Generated Post 100 - Interview","author-csdgi","category-interview","2023-08-25T03:11:36.620Z","This is a generated excerpt for post 100.","This is the full body content for generated post 100, belonging to the Interview category."
"Generated Post 101 - Report","author-csdgi","category-report","2023-10-12T08:53:45.715Z","This is a generated excerpt for post 101.","This is the full body content for generated post 101, belonging to the Report category."
"Generated Post 102 - Podcast","author-csdgi","category-podcast","2024-05-18T23:10:24.579Z","This is a generated excerpt for post 102.","This is the full body content for generated post 102, belonging to the Podcast category."
"Generated Post 103 - Report","author-csdgi","category-report","2022-01-02T00:43:25.928Z","This is a generated excerpt for post 103.","This is the full body content for generated post 103, belonging to the Report category."
"Generated Post 104 - Report","author-csdgi","category-report","2023-10-01T21:56:00.223Z","This is a generated excerpt for post 104.","This is the full body content for generated post 104, belonging to the Report category."
"Generated Post 105 - Report","author-csdgi","category-report","2023-02-20T23:46:27.392Z","This is a generated excerpt for post 105.","This is the full body content for generated post 105, belonging to the Report category."
"Generated Post 106 - Report","author-csdgi","category-report","2023-11-17T20:48:41.748Z","This is a generated excerpt for post 106.","This is the full body content for generated post 106, belonging to the Report category."
"Generated Post 107 - Report","author-csdgi","category-report","2023-12-04T21:02:03.919Z","This is a generated excerpt for post 107.","This is the full body content for generated post 107, belonging to the Report category."
"Generated Post 108 - Event","author-csdgi","category-event","2022-08-20T13:30:56.237Z","This is a generated excerpt for post 108.","This is the full body content for generated post 108, belonging to the Event category."
"Generated Post 109 - Report","author-csdgi","category-report","2025-02-11T02:44:44.112Z","This is a generated excerpt for post 109.","This is the full body content for generated post 109, belonging to the Report category."
"Generated Post 110 - Podcast","author-csdgi","category-podcast","2022-04-14T14:23:06.057Z","This is a generated excerpt for post 110.","This is the full body content for generated post 110, belonging to the Podcast category."
"Generated Post 111 - Report","author-csdgi","category-report","2023-12-01T21:21:17.251Z","This is a generated excerpt for post 111.","This is the full body content for generated post 111, belonging to the Report category."
"Generated Post 112 - Report","author-csdgi","category-report","2021-11-25T06:25:36.500Z","This is a generated excerpt for post 112.","This is the full body content for generated post 112, belonging to the Report category."
"Generated Post 113 - Report","author-csdgi","category-report","2024-08-10T18:39:09.907Z","This is a generated excerpt for post 113.","This is the full body content for generated post 113, belonging to the Report category."
"Generated Post 114 - Report","author-csdgi","category-report","2025-07-01T01:42:04.938Z","This is a generated excerpt for post 114.","This is the full body content for generated post 114, belonging to the Report category."
"Generated Post 115 - Report","author-csdgi","category-report","2023-12-01T18:07:27.172Z","This is a generated excerpt for post 115.","This is the full body content for generated post 115, belonging to the Report category."
"Generated Post 116 - Report","author-csdgi","category-report","2023-11-16T01:54:25.968Z","This is a generated excerpt for post 116.","This is the full body content for generated post 116, belonging to the Report category."
"Generated Post 117 - Report","author-csdgi","category-report","2025-02-18T18:26:19.324Z","This is a generated excerpt for post 117.","This is the full body content for generated post 117, belonging to the Report category."
"Generated Post 118 - Interview","author-csdgi","category-interview","2021-10-05T22:24:05.038Z","This is a generated excerpt for post 118.","This is the full body content for generated post 118, belonging to the Interview category."
"Generated Post 119 - Report","author-csdgi","category-report","2022-12-12T08:51:01.696Z","This is a generated excerpt for post 119.","This is the full body content for generated post 119, belonging to the Report category."
"Generated Post 120 - Event","author-csdgi","category-event","2024-11-09T17:37:11.085Z","This is a generated excerpt for post 120.","This is the full body content for generated post 120, belonging to the Event category."
"Generated Post 121 - Report","author-csdgi","category-report","2024-11-09T03:37:02.055Z","This is a generated excerpt for post 121.","This is the full body content for generated post 121, belonging to the Report category."
"Generated Post 122 - Report","author-csdgi","category-report","2022-05-24T14:04:32.362Z","This is a generated excerpt for post 122.","This is the full body content for generated post 122, belonging to the Report category."
"Generated Post 123 - Interview","author-csdgi","category-interview","2024-10-17T20:47:39.556Z","This is a generated excerpt for post 123.","This is the full body content for generated post 123, belonging to the Interview category."
"Generated Post 124 - Event","author-csdgi","category-event","2024-10-21T23:17:46.365Z","This is a generated excerpt for post 124.","This is the full body content for generated post 124, belonging to the Event category."
"Generated Post 125 - Report","author-csdgi","category-report","2022-06-14T03:40:30.771Z","This is a generated excerpt for post 125.","This is the full body content for generated post 125, belonging to the Report category."
"Generated Post 126 - Report","author-csdgi","category-report","2022-10-19T08:30:00.941Z","This is a generated excerpt for post 126.","This is the full body content for generated post 126, belonging to the Report category."
"Generated Post 127 - Report","author-csdgi","category-report","2025-06-12T18:49:12.841Z","This is a generated excerpt for post 127.","This is the full body content for generated post 127, belonging to the Report category."
"Generated Post 128 - Report","author-csdgi","category-report","2025-05-09T09:13:11.677Z","This is a generated excerpt for post 128.","This is the full body content for generated post 128, belonging to the Report category."
"Generated Post 129 - Report","author-csdgi","category-report","2023-07-10T00:44:48.028Z","This is a generated excerpt for post 129.","This is the full body content for generated post 129, belonging to the Report category."
"Generated Post 130 - Report","author-csdgi","category-report","2024-12-15T02:03:08.966Z","This is a generated excerpt for post 130.","This is the full body content for generated post 130, belonging to the Report category."
"Generated Post 131 - Report","author-csdgi","category-report","2025-02-23T14:02:13.699Z","This is a generated excerpt for post 131.","This is the full body content for generated post 131, belonging to the Report category."
"Generated Post 132 - Report","author-csdgi","category-report","2021-12-18T21:30:49.454Z","This is a generated excerpt for post 132.","This is the full body content for generated post 132, belonging to the Report category."
"Generated Post 133 - Report","author-csdgi","category-report","2023-04-03T15:36:26.752Z","This is a generated excerpt for post 133.","This is the full body content for generated post 133, belonging to the Report category."
"Generated Post 134 - Report","author-csdgi","category-report","2022-07-11T09:34:45.369Z","This is a generated excerpt for post 134.","This is the full body content for generated post 134, belonging to the Report category."
"Generated Post 135 - Report","author-csdgi","category-report","2025-03-22T15:24:44.083Z","This is a generated excerpt for post 135.","This is the full body content for generated post 135, belonging to the Report category."
"Generated Post 136 - Event","author-csdgi","category-event","2025-04-07T10:06:56.424Z","This is a generated excerpt for post 136.","This is the full body content for generated post 136, belonging to the Event category."
"Generated Post 137 - Report","author-csdgi","category-report","2022-02-12T10:25:01.461Z","This is a generated excerpt for post 137.","This is the full body content for generated post 137, belonging to the Report category."
"Generated Post 138 - Podcast","author-csdgi","category-podcast","2025-05-12T04:34:23.962Z","This is a generated excerpt for post 138.","This is the full body content for generated post 138, belonging to the Podcast category."
"Generated Post 139 - Interview","author-csdgi","category-interview","2022-12-22T04:11:23.548Z","This is a generated excerpt for post 139.","This is the full body content for generated post 139, belonging to the Interview category."
"Generated Post 140 - Interview","author-csdgi","category-interview","2024-01-18T06:53:56.226Z","This is a generated excerpt for post 140.","This is the full body content for generated post 140, belonging to the Interview category."
"Generated Post 141 - Report","author-csdgi","category-report","2022-12-10T11:04:28.002Z","This is a generated excerpt for post 141.","This is the full body content for generated post 141, belonging to the Report category."
"Generated Post 142 - Report","author-csdgi","category-report","2025-05-07T09:55:09.292Z","This is a generated excerpt for post 142.","This is the full body content for generated post 142, belonging to the Report category."
"Generated Post 143 - Report","author-csdgi","category-report","2024-02-28T07:54:05.416Z","This is a generated excerpt for post 143.","This is the full body content for generated post 143, belonging to the Report category."
"Generated Post 144 - Report","author-csdgi","category-report","2022-07-13T21:32:24.036Z","This is a generated excerpt for post 144.","This is the full body content for generated post 144, belonging to the Report category."
"Generated Post 145 - Report","author-csdgi","category-report","2024-02-12T01:33:35.937Z","This is a generated excerpt for post 145.","This is the full body content for generated post 145, belonging to the Report category."
"Generated Post 146 - Event","author-csdgi","category-event","2024-09-30T22:54:49.965Z","This is a generated excerpt for post 146.","This is the full body content for generated post 146, belonging to the Event category."
"Generated Post 147 - Report","author-csdgi","category-report","2021-11-22T16:07:25.265Z","This is a generated excerpt for post 147.","This is the full body content for generated post 147, belonging to the Report category."
"Generated Post 148 - Report","author-csdgi","category-report","2023-08-30T21:36:58.301Z","This is a generated excerpt for post 148.","This is the full body content for generated post 148, belonging to the Report category."
"Generated Post 149 - Report","author-csdgi","category-report","2025-07-31T21:48:51.774Z","This is a generated excerpt for post 149.","This is the full body content for generated post 149, belonging to the Report category."
"Generated Post 150 - Report","author-csdgi","category-report","2023-07-02T10:11:29.167Z","This is a generated excerpt for post 150.","This is the full body content for generated post 150, belonging to the Report category."
"Generated Post 151 - Report","author-csdgi","category-report","2021-10-14T06:09:58.967Z","This is a generated excerpt for post 151.","This is the full body content for generated post 151, belonging to the Report category."
"Generated Post 152 - Podcast","author-csdgi","category-podcast","2023-10-20T04:59:55.126Z","This is a generated excerpt for post 152.","This is the full body content for generated post 152, belonging to the Podcast category."
"Generated Post 153 - Report","author-csdgi","category-report","2022-02-18T06:31:36.020Z","This is a generated excerpt for post 153.","This is the full body content for generated post 153, belonging to the Report category."
"Generated Post 154 - Report","author-csdgi","category-report","2025-07-26T12:42:18.240Z","This is a generated excerpt for post 154.","This is the full body content for generated post 154, belonging to the Report category."
"Generated Post 155 - Report","author-csdgi","category-report","2024-05-12T12:24:12.182Z","This is a generated excerpt for post 155.","This is the full body content for generated post 155, belonging to the Report category."
"Generated Post 156 - Report","author-csdgi","category-report","2024-08-16T04:42:46.008Z","This is a generated excerpt for post 156.","This is the full body content for generated post 156, belonging to the Report category."
"Generated Post 157 - Report","author-csdgi","category-report","2024-09-11T17:37:34.188Z","This is a generated excerpt for post 157.","This is the full body content for generated post 157, belonging to the Report category."
"Generated Post 158 - Report","author-csdgi","category-report","2025-09-06T20:02:19.499Z","This is a generated excerpt for post 158.","This is the full body content for generated post 158, belonging to the Report category."
"Generated Post 159 - Interview","author-csdgi","category-interview","2025-05-04T09:17:57.797Z","This is a generated excerpt for post 159.","This is the full body content for generated post 159, belonging to the Interview category."
"Generated Post 160 - Interview","author-csdgi","category-interview","2024-01-06T21:04:30.628Z","This is a generated excerpt for post 160.","This is the full body content for generated post 160, belonging to the Interview category."
"Generated Post 161 - Report","author-csdgi","category-report","2021-12-25T22:01:20.253Z","This is a generated excerpt for post 161.","This is the full body content for generated post 161, belonging to the Report category."
"Generated Post 162 - Event","author-csdgi","category-event","2022-08-22T22:31:08.292Z","This is a generated excerpt for post 162.","This is the full body content for generated post 162, belonging to the Event category."
"Generated Post 163 - Report","author-csdgi","category-report","2025-10-29T08:36:36.911Z","This is a generated excerpt for post 163.","This is the full body content for generated post 163, belonging to the Report category."
"Generated Post 164 - Report","author-csdgi","category-report","2023-06-28T11:38:37.273Z","This is a generated excerpt for post 164.","This is the full body content for generated post 164, belonging to the Report category."
"Generated Post 165 - Report","author-csdgi","category-report","2024-06-03T07:28:01.438Z","This is a generated excerpt for post 165.","This is the full body content for generated post 165, belonging to the Report category."
"Generated Post 166 - Event","author-csdgi","category-event","2023-06-07T08:45:30.662Z","This is a generated excerpt for post 166.","This is the full body content for generated post 166, belonging to the Event category."
"Generated Post 167 - Report","author-csdgi","category-report","2025-09-28T16:35:45.408Z","This is a generated excerpt for post 167.","This is the full body content for generated post 167, belonging to the Report category."
"Generated Post 168 - Podcast","author-csdgi","category-podcast","2022-01-17T02:51:38.758Z","This is a generated excerpt for post 168.","This is the full body content for generated post 168, belonging to the Podcast category."
"Generated Post 169 - Interview","author-csdgi","category-interview","2022-06-04T18:34:29.984Z","This is a generated excerpt for post 169.","This is the full body content for generated post 169, belonging to the Interview category."
"Generated Post 170 - Report","author-csdgi","category-report","2025-03-26T19:04:29.174Z","This is a generated excerpt for post 170.","This is the full body content for generated post 170, belonging to the Report category."
"Generated Post 171 - Report","author-csdgi","category-report","2022-05-04T03:06:45.197Z","This is a generated excerpt for post 171.","This is the full body content for generated post 171, belonging to the Report category."
"Generated Post 172 - Report","author-csdgi","category-report","2023-10-18T21:12:45.187Z","This is a generated excerpt for post 172.","This is the full body content for generated post 172, belonging to the Report category."
"Generated Post 173 - Event","author-csdgi","category-event","2024-06-10T05:27:58.821Z","This is a generated excerpt for post 173.","This is the full body content for generated post 173, belonging to the Event category."
"Generated Post 174 - Report","author-csdgi","category-report","2024-06-23T21:09:44.721Z","This is a generated excerpt for post 174.","This is the full body content for generated post 174, belonging to the Report category."
"Generated Post 175 - Report","author-csdgi","category-report","2022-05-15T09:24:08.030Z","This is a generated excerpt for post 175.","This is the full body content for generated post 175, belonging to the Report category."
"Generated Post 176 - Report","author-csdgi","category-report","2022-01-14T06:47:03.673Z","This is a generated excerpt for post 176.","This is the full body content for generated post 176, belonging to the Report category."
"Generated Post 177 - Report","author-csdgi","category-report","2023-07-13T00:19:37.788Z","This is a generated excerpt for post 177.","This is the full body content for generated post 177, belonging to the Report category."
"Generated Post 178 - Report","author-csdgi","category-report","2025-02-15T13:09:06.349Z","This is a generated excerpt for post 178.","This is the full body content for generated post 178, belonging to the Report category."
"Generated Post 179 - Report","author-csdgi","category-report","2024-09-24T23:08:01.088Z","This is a generated excerpt for post 179.","This is the full body content for generated post 179, belonging to the Report category."
"Generated Post 180 - Report","author-csdgi","category-report","2025-03-03T11:09:49.976Z","This is a generated excerpt for post 180.","This is the full body content for generated post 180, belonging to the Report category."
"Generated Post 181 - Report","author-csdgi","category-report","2024-06-28T17:19:36.440Z","This is a generated excerpt for post 181.","This is the full body content for generated post 181, belonging to the Report category."
"Generated Post 182 - Report","author-csdgi","category-report","2024-02-16T22:17:29.278Z","This is a generated excerpt for post 182.","This is the full body content for generated post 182, belonging to the Report category."
"Generated Post 183 - Report","author-csdgi","category-report","2021-12-01T01:11:50.499Z","This is a generated excerpt for post 183.","This is the full body content for generated post 183, belonging to the Report category."
"Generated Post 184 - Report","author-csdgi","category-report","2023-08-07T07:12:09.812Z","This is a generated excerpt for post 184.","This is the full body content for generated post 184, belonging to the Report category."
"Generated Post 185 - Report","author-csdgi","category-report","2024-06-25T01:21:28.311Z","This is a generated excerpt for post 185.","This is the full body content for generated post 185, belonging to the Report category."
"Generated Post 186 - Interview","author-csdgi","category-interview","2024-06-27T11:04:59.079Z","This is a generated excerpt for post 186.","This is the full body content for generated post 186, belonging to the Interview category."
"Generated Post 187 - Podcast","author-csdgi","category-podcast","2021-12-31T04:46:09.310Z","This is a generated excerpt for post 187.","This is the full body content for generated post 187, belonging to the Podcast category."
"Generated Post 188 - Report","author-csdgi","category-report","2021-09-11T03:27:43.719Z","This is a generated excerpt for post 188.","This is the full body content for generated post 188, belonging to the Report category."
"Generated Post 189 - Report","author-csdgi","category-report","2023-01-22T14:27:00.589Z","This is a generated excerpt for post 189.","This is the full body content for generated post 189, belonging to the Report category."
"Generated Post 190 - Report","author-csdgi","category-report","2022-04-24T03:09:32.015Z","This is a generated excerpt for post 190.","This is the full body content for generated post 190, belonging to the Report category."
"Generated Post 191 - Event","author-csdgi","category-event","2022-02-22T03:15:13.131Z","This is a generated excerpt for post 191.","This is the full body content for generated post 191, belonging to the Event category."
"Generated Post 192 - Event","author-csdgi","category-event","2023-07-21T05:03:41.374Z","This is a generated excerpt for post 192.","This is the full body content for generated post 192, belonging to the Event category."
"Generated Post 193 - Podcast","author-csdgi","category-podcast","2023-03-24T10:32:04.381Z","This is a generated excerpt for post 193.","This is the full body content for generated post 193, belonging to the Podcast category."
"Generated Post 194 - Report","author-csdgi","category-report","2025-05-04T01:47:02.892Z","This is a generated excerpt for post 194.","This is the full body content for generated post 194, belonging to the Report category."
"Generated Post 195 - Report","author-csdgi","category-report","2025-01-04T12:46:15.626Z","This is a generated excerpt for post 195.","This is the full body content for generated post 195, belonging to the Report category."
"Generated Post 196 - Report","author-csdgi","category-report","2022-10-08T10:04:51.837Z","This is a generated excerpt for post 196.","This is the full body content for generated post 196, belonging to the Report category."
"Generated Post 197 - Event","author-csdgi","category-event","2023-04-19T11:40:03.748Z","This is a generated excerpt for post 197.","This is the full body content for generated post 197, belonging to the Event category."
"Generated Post 198 - Report","author-csdgi","category-report","2022-07-19T22:10:47.774Z","This is a generated excerpt for post 198.","This is the full body content for generated post 198, belonging to the Report category."
"Generated Post 199 - Interview","author-csdgi","category-interview","2024-10-09T09:56:00.483Z","This is a generated excerpt for post 199.","This is the full body content for generated post 199, belonging to the Interview category."
"Generated Post 200 - Report","author-csdgi","category-report","2024-01-12T08:50:28.985Z","This is a generated excerpt for post 200.","This is the full body content for generated post 200, belonging to the Report category."
"Generated Post 201 - Report","author-csdgi","category-report","2025-07-09T14:10:48.659Z","This is a generated excerpt for post 201.","This is the full body content for generated post 201, belonging to the Report category."
"Generated Post 202 - Podcast","author-csdgi","category-podcast","2022-04-16T08:18:42.363Z","This is a generated excerpt for post 202.","This is the full body content for generated post 202, belonging to the Podcast category."
"Generated Post 203 - Report","author-csdgi","category-report","2022-08-11T22:26:17.260Z","This is a generated excerpt for post 203.","This is the full body content for generated post 203, belonging to the Report category."
"Generated Post 204 - Podcast","author-csdgi","category-podcast","2023-07-09T01:13:24.269Z","This is a generated excerpt for post 204.","This is the full body content for generated post 204, belonging to the Podcast category."
"Generated Post 205 - Report","author-csdgi","category-report","2022-11-12T19:48:39.665Z","This is a generated excerpt for post 205.","This is the full body content for generated post 205, belonging to the Report category."
"Generated Post 206 - Report","author-csdgi","category-report","2024-02-15T08:09:57.333Z","This is a generated excerpt for post 206.","This is the full body content for generated post 206, belonging to the Report category."
"Generated Post 207 - Event","author-csdgi","category-event","2025-07-20T15:55:55.300Z","This is a generated excerpt for post 207.","This is the full body content for generated post 207, belonging to the Event category."
"Generated Post 208 - Report","author-csdgi","category-report","2022-06-19T14:29:55.354Z","This is a generated excerpt for post 208.","This is the full body content for generated post 208, belonging to the Report category."
"Generated Post 209 - Report","author-csdgi","category-report","2021-10-09T01:37:22.564Z","This is a generated excerpt for post 209.","This is the full body content for generated post 209, belonging to the Report category."
"Generated Post 210 - Event","author-csdgi","category-event","2025-03-13T18:30:42.425Z","This is a generated excerpt for post 210.","This is the full body content for generated post 210, belonging to the Event category."
"Generated Post 211 - Report","author-csdgi","category-report","2022-03-30T02:24:42.077Z","This is a generated excerpt for post 211.","This is the full body content for generated post 211, belonging to the Report category."
"Generated Post 212 - Report","author-csdgi","category-report","2022-05-08T02:35:19.682Z","This is a generated excerpt for post 212.","This is the full body content for generated post 212, belonging to the Report category."
"Generated Post 213 - Report","author-csdgi","category-report","2025-07-24T22:06:26.075Z","This is a generated excerpt for post 213.","This is the full body content for generated post 213, belonging to the Report category."
"Generated Post 214 - Report","author-csdgi","category-report","2022-06-18T13:12:12.723Z","This is a generated excerpt for post 214.","This is the full body content for generated post 214, belonging to the Report category."
"Generated Post 215 - Report","author-csdgi","category-report","2022-12-15T11:08:37.646Z","This is a generated excerpt for post 215.","This is the full body content for generated post 215, belonging to the Report category."
"Generated Post 216 - Report","author-csdgi","category-report","2021-11-11T03:33:01.139Z","This is a generated excerpt for post 216.","This is the full body content for generated post 216, belonging to the Report category."
"Generated Post 217 - Report","author-csdgi","category-report","2021-09-14T20:33:14.107Z","This is a generated excerpt for post 217.","This is the full body content for generated post 217, belonging to the Report category."
"Generated Post 218 - Report","author-csdgi","category-report","2025-10-01T15:01:22.503Z","This is a generated excerpt for post 218.","This is the full body content for generated post 218, belonging to the Report category."
"Generated Post 219 - Report","author-csdgi","category-report","2022-08-20T14:52:13.108Z","This is a generated excerpt for post 219.","This is the full body content for generated post 219, belonging to the Report category."
"Generated Post 220 - Report","author-csdgi","category-report","2024-10-30T14:42:58.304Z","This is a generated excerpt for post 220.","This is the full body content for generated post 220, belonging to the Report category."
"Generated Post 221 - Event","author-csdgi","category-event","2025-07-28T00:00:46.055Z","This is a generated excerpt for post 221.","This is the full body content for generated post 221, belonging to the Event category."
"Generated Post 222 - Report","author-csdgi","category-report","2025-04-09T13:28:59.104Z","This is a generated excerpt for post 222.","This is the full body content for generated post 222, belonging to the Report category."
"Generated Post 223 - Report","author-csdgi","category-report","2023-06-19T01:30:16.037Z","This is a generated excerpt for post 223.","This is the full body content for generated post 223, belonging to the Report category."
"Generated Post 224 - Report","author-csdgi","category-report","2023-02-10T20:28:48.089Z","This is a generated excerpt for post 224.","This is the full body content for generated post 224, belonging to the Report category."
"Generated Post 225 - Interview","author-csdgi","category-interview","2023-02-23T13:09:52.358Z","This is a generated excerpt for post 225.","This is the full body content for generated post 225, belonging to the Interview category."
"Generated Post 226 - Report","author-csdgi","category-report","2023-09-03T03:51:35.303Z","This is a generated excerpt for post 226.","This is the full body content for generated post 226, belonging to the Report category."
"Generated Post 227 - Report","author-csdgi","category-report","2022-05-14T10:05:29.866Z","This is a generated excerpt for post 227.","This is the full body content for generated post 227, belonging to the Report category."
"Generated Post 228 - Podcast","author-csdgi","category-podcast","2024-11-10T08:45:03.475Z","This is a generated excerpt for post 228.","This is the full body content for generated post 228, belonging to the Podcast category."
"Generated Post 229 - Interview","author-csdgi","category-interview","2023-07-26T02:33:07.450Z","This is a generated excerpt for post 229.","This is the full body content for generated post 229, belonging to the Interview category."
"Generated Post 230 - Interview","author-csdgi","category-interview","2024-09-28T14:43:06.168Z","This is a generated excerpt for post 230.","This is the full body content for generated post 230, belonging to the Interview category."
"Generated Post 231 - Report","author-csdgi","category-report","2022-06-10T17:07:41.659Z","This is a generated excerpt for post 231.","This is the full body content for generated post 231, belonging to the Report category."
"Generated Post 232 - Podcast","author-csdgi","category-podcast","2022-04-09T02:03:40.759Z","This is a generated excerpt for post 232.","This is the full body content for generated post 232, belonging to the Podcast category."
"Generated Post 233 - Report","author-csdgi","category-report","2025-05-19T17:08:53.429Z","This is a generated excerpt for post 233.","This is the full body content for generated post 233, belonging to the Report category."
"Generated Post 234 - Report","author-csdgi","category-report","2022-12-02T01:29:31.752Z","This is a generated excerpt for post 234.","This is the full body content for generated post 234, belonging to the Report category."
"Generated Post 235 - Event","author-csdgi","category-event","2025-07-18T11:26:15.439Z","This is a generated excerpt for post 235.","This is the full body content for generated post 235, belonging to the Event category."
"Generated Post 236 - Report","author-csdgi","category-report","2022-04-17T13:17:35.372Z","This is a generated excerpt for post 236.","This is the full body content for generated post 236, belonging to the Report category."
"Generated Post 237 - Interview","author-csdgi","category-interview","2023-09-03T00:05:20.344Z","This is a generated excerpt for post 237.","This is the full body content for generated post 237, belonging to the Interview category."
"Generated Post 238 - Report","author-csdgi","category-report","2022-04-16T03:12:11.574Z","This is a generated excerpt for post 238.","This is the full body content for generated post 238, belonging to the Report category."
"Generated Post 239 - Event","author-csdgi","category-event","2024-06-11T20:25:05.252Z","This is a generated excerpt for post 239.","This is the full body content for generated post 239, belonging to the Event category."
"Generated Post 240 - Report","author-csdgi","category-report","2025-10-25T11:20:39.984Z","This is a generated excerpt for post 240.","This is the full body content for generated post 240, belonging to the Report category."
"Generated Post 241 - Report","author-csdgi","category-report","2022-07-26T23:57:24.199Z","This is a generated excerpt for post 241.","This is the full body content for generated post 241, belonging to the Report category."
"Generated Post 242 - Podcast","author-csdgi","category-podcast","2022-06-27T21:34:26.783Z","This is a generated excerpt for post 242.","This is the full body content for generated post 242, belonging to the Podcast category."
"Generated Post 243 - Report","author-csdgi","category-report","2023-05-18T22:22:31.749Z","This is a generated excerpt for post 243.","This is the full body content for generated post 243, belonging to the Report category."
"Generated Post 244 - Report","author-csdgi","category-report","2025-08-13T00:27:30.545Z","This is a generated excerpt for post 244.","This is the full body content for generated post 244, belonging to the Report category."
"Generated Post 245 - Report","author-csdgi","category-report","2025-07-13T17:19:05.469Z","This is a generated excerpt for post 245.","This is the full body content for generated post 245, belonging to the Report category."
"Generated Post 246 - Interview","author-csdgi","category-interview","2021-10-22T15:42:04.296Z","This is a generated excerpt for post 246.","This is the full body content for generated post 246, belonging to the Interview category."
"Generated Post 247 - Report","author-csdgi","category-report","2023-06-14T02:22:01.981Z","This is a generated excerpt for post 247.","This is the full body content for generated post 247, belonging to the Report category."
"Generated Post 248 - Report","author-csdgi","category-report","2025-08-22T18:36:25.572Z","This is a generated excerpt for post 248.","This is the full body content for generated post 248, belonging to the Report category."
"Generated Post 249 - Report","author-csdgi","category-report","2025-02-28T22:31:21.046Z","This is a generated excerpt for post 249.","This is the full body content for generated post 249, belonging to the Report category."
"Generated Post 250 - Interview","author-csdgi","category-interview","2021-12-18T23:24:27.910Z","This is a generated excerpt for post 250.","This is the full body content for generated post 250, belonging to the Interview category."
"Generated Post 251 - Podcast","author-csdgi","category-podcast","2023-01-23T02:02:34.361Z","This is a generated excerpt for post 251.","This is the full body content for generated post 251, belonging to the Podcast category."
"Generated Post 252 - Report","author-csdgi","category-report","2022-12-29T05:38:16.417Z","This is a generated excerpt for post 252.","This is the full body content for generated post 252, belonging to the Report category."
"Generated Post 253 - Report","author-csdgi","category-report","2024-07-15T03:04:14.314Z","This is a generated excerpt for post 253.","This is the full body content for generated post 253, belonging to the Report category."
"Generated Post 254 - Interview","author-csdgi","category-interview","2025-01-21T10:13:26.951Z","This is a generated excerpt for post 254.","This is the full body content for generated post 254, belonging to the Interview category."
"Generated Post 255 - Podcast","author-csdgi","category-podcast","2023-01-22T22:55:15.739Z","This is a generated excerpt for post 255.","This is the full body content for generated post 255, belonging to the Podcast category."
"Generated Post 256 - Event","author-csdgi","category-event","2022-04-20T11:21:38.644Z","This is a generated excerpt for post 256.","This is the full body content for generated post 256, belonging to the Event category."
"Generated Post 257 - Report","author-csdgi","category-report","2023-05-09T15:29:46.808Z","This is a generated excerpt for post 257.","This is the full body content for generated post 257, belonging to the Report category."
"Generated Post 258 - Interview","author-csdgi","category-interview","2024-12-05T00:27:30.283Z","This is a generated excerpt for post 258.","This is the full body content for generated post 258, belonging to the Interview category."
"Generated Post 259 - Report","author-csdgi","category-report","2025-09-14T15:44:32.516Z","This is a generated excerpt for post 259.","This is the full body content for generated post 259, belonging to the Report category."
"Generated Post 260 - Podcast","author-csdgi","category-podcast","2025-06-01T08:38:23.139Z","This is a generated excerpt for post 260.","This is the full body content for generated post 260, belonging to the Podcast category."
"Generated Post 261 - Report","author-csdgi","category-report","2024-04-28T17:16:30.253Z","This is a generated excerpt for post 261.","This is the full body content for generated post 261, belonging to the Report category."
"Generated Post 262 - Report","author-csdgi","category-report","2025-06-23T14:45:08.066Z","This is a generated excerpt for post 262.","This is the full body content for generated post 262, belonging to the Report category."
"Generated Post 263 - Report","author-csdgi","category-report","2022-12-11T01:43:52.749Z","This is a generated excerpt for post 263.","This is the full body content for generated post 263, belonging to the Report category."
"Generated Post 264 - Report","author-csdgi","category-report","2024-10-17T06:48:33.478Z","This is a generated excerpt for post 264.","This is the full body content for generated post 264, belonging to the Report category."
"Generated Post 265 - Report","author-csdgi","category-report","2025-04-19T17:56:40.758Z","This is a generated excerpt for post 265.","This is the full body content for generated post 265, belonging to the Report category."
"Generated Post 266 - Podcast","author-csdgi","category-podcast","2021-11-05T22:11:41.608Z","This is a generated excerpt for post 266.","This is the full body content for generated post 266, belonging to the Podcast category."
"Generated Post 267 - Report","author-csdgi","category-report","2025-09-18T04:38:54.268Z","This is a generated excerpt for post 267.","This is the full body content for generated post 267, belonging to the Report category."
"Generated Post 268 - Report","author-csdgi","category-report","2025-08-04T19:05:07.841Z","This is a generated excerpt for post 268.","This is the full body content for generated post 268, belonging to the Report category."
"Generated Post 269 - Podcast","author-csdgi","category-podcast","2023-05-30T01:36:26.885Z","This is a generated excerpt for post 269.","This is the full body content for generated post 269, belonging to the Podcast category."
"Generated Post 270 - Report","author-csdgi","category-report","2022-09-22T02:03:17.897Z","This is a generated excerpt for post 270.","This is the full body content for generated post 270, belonging to the Report category."
"Generated Post 271 - Report","author-csdgi","category-report","2024-07-14T02:28:51.302Z","This is a generated excerpt for post 271.","This is the full body content for generated post 271, belonging to the Report category."
"Generated Post 272 - Report","author-csdgi","category-report","2024-12-05T12:00:50.077Z","This is a generated excerpt for post 272.","This is the full body content for generated post 272, belonging to the Report category."
"Generated Post 273 - Report","author-csdgi","category-report","2022-08-21T18:45:27.177Z","This is a generated excerpt for post 273.","This is the full body content for generated post 273, belonging to the Report category."
"Generated Post 274 - Interview","author-csdgi","category-interview","2024-05-06T01:46:10.803Z","This is a generated excerpt for post 274.","This is the full body content for generated post 274, belonging to the Interview category."
"Generated Post 275 - Report","author-csdgi","category-report","2023-12-08T11:13:41.450Z","This is a generated excerpt for post 275.","This is the full body content for generated post 275, belonging to the Report category."
"Generated Post 276 - Report","author-csdgi","category-report","2022-11-28T07:13:11.633Z","This is a generated excerpt for post 276.","This is the full body content for generated post 276, belonging to the Report category."
"Generated Post 277 - Interview","author-csdgi","category-interview","2024-03-23T06:18:05.140Z","This is a generated excerpt for post 277.","This is the full body content for generated post 277, belonging to the Interview category."
"Generated Post 278 - Report","author-csdgi","category-report","2024-01-09T12:42:55.024Z","This is a generated excerpt for post 278.","This is the full body content for generated post 278, belonging to the Report category."
"Generated Post 279 - Report","author-csdgi","category-report","2022-05-27T10:52:38.255Z","This is a generated excerpt for post 279.","This is the full body content for generated post 279, belonging to the Report category."
"Generated Post 280 - Report","author-csdgi","category-report","2022-03-24T10:49:50.882Z","This is a generated excerpt for post 280.","This is the full body content for generated post 280, belonging to the Report category."
"Generated Post 281 - Report","author-csdgi","category-report","2025-03-19T01:58:09.413Z","This is a generated excerpt for post 281.","This is the full body content for generated post 281, belonging to the Report category."
"Generated Post 282 - Report","author-csdgi","category-report","2022-08-29T12:46:36.810Z","This is a generated excerpt for post 282.","This is the full body content for generated post 282, belonging to the Report category."
"Generated Post 283 - Report","author-csdgi","category-report","2025-07-30T21:24:23.394Z","This is a generated excerpt for post 283.","This is the full body content for generated post 283, belonging to the Report category."
"Generated Post 284 - Event","author-csdgi","category-event","2025-06-15T21:07:33.043Z","This is a generated excerpt for post 284.","This is the full body content for generated post 284, belonging to the Event category."
"Generated Post 285 - Report","author-csdgi","category-report","2022-05-20T17:02:35.680Z","This is a generated excerpt for post 285.","This is the full body content for generated post 285, belonging to the Report category."
"Generated Post 286 - Event","author-csdgi","category-event","2022-11-22T21:15:28.552Z","This is a generated excerpt for post 286.","This is the full body content for generated post 286, belonging to the Event category."
"Generated Post 287 - Report","author-csdgi","category-report","2025-09-30T13:04:17.495Z","This is a generated excerpt for post 287.","This is the full body content for generated post 287, belonging to the Report category."
"Generated Post 288 - Report","author-csdgi","category-report","2021-09-23T09:28:06.650Z","This is a generated excerpt for post 288.","This is the full body content for generated post 288, belonging to the Report category."
"Generated Post 289 - Event","author-csdgi","category-event","2024-08-19T02:54:19.491Z","This is a generated excerpt for post 289.","This is the full body content for generated post 289, belonging to the Event category."
"Generated Post 290 - Report","author-csdgi","category-report","2024-01-25T01:19:04.928Z","This is a generated excerpt for post 290.","This is the full body content for generated post 290, belonging to the Report category."
"Generated Post 291 - Report","author-csdgi","category-report","2022-02-03T21:18:53.900Z","This is a generated excerpt for post 291.","This is the full body content for generated post 291, belonging to the Report category."
"Generated Post 292 - Report","author-csdgi","category-report","2024-07-29T05:58:14.553Z","This is a generated excerpt for post 292.","This is the full body content for generated post 292, belonging to the Report category."
"Generated Post 293 - Report","author-csdgi","category-report","2024-05-28T00:03:58.325Z","This is a generated excerpt for post 293.","This is the full body content for generated post 293, belonging to the Report category."
"Generated Post 294 - Interview","author-csdgi","category-interview","2021-10-28T04:15:37.779Z","This is a generated excerpt for post 294.","This is the full body content for generated post 294, belonging to the Interview category."
"Generated Post 295 - Report","author-csdgi","category-report","2023-03-19T17:27:07.101Z","This is a generated excerpt for post 295.","This is the full body content for generated post 295, belonging to the Report category."
"Generated Post 296 - Report","author-csdgi","category-report","2022-07-09T15:57:30.799Z","This is a generated excerpt for post 296.","This is the full body content for generated post 296, belonging to the Report category."
"Generated Post 297 - Report","author-csdgi","category-report","2021-09-19T22:17:46.761Z","This is a generated excerpt for post 297.","This is the full body content for generated post 297, belonging to the Report category."
"Generated Post 298 - Report","author-csdgi","category-report","2022-07-14T07:39:25.198Z","This is a generated excerpt for post 298.","This is the full body content for generated post 298, belonging to the Report category."
"Generated Post 299 - Report","author-csdgi","category-report","2021-10-23T07:16:18.034Z","This is a generated excerpt for post 299.","This is the full body content for generated post 299, belonging to the Report category."
"Generated Post 300 - Report","author-csdgi","category-report","2022-10-02T02:53:09.285Z","This is a generated excerpt for post 300.","This is the full body content for generated post 300, belonging to the Report category."
"Generated Post 301 - Podcast","author-csdgi","category-podcast","2022-11-15T23:33:43.928Z","This is a generated excerpt for post 301.","This is the full body content for generated post 301, belonging to the Podcast category."
"Generated Post 302 - Report","author-csdgi","category-report","2023-04-28T13:11:18.640Z","This is a generated excerpt for post 302.","This is the full body content for generated post 302, belonging to the Report category."
"Generated Post 303 - Report","author-csdgi","category-report","2023-04-24T02:11:38.811Z","This is a generated excerpt for post 303.","This is the full body content for generated post 303, belonging to the Report category."
"Generated Post 304 - Report","author-csdgi","category-report","2025-10-17T23:33:07.389Z","This is a generated excerpt for post 304.","This is the full body content for generated post 304, belonging to the Report category."
"Generated Post 305 - Report","author-csdgi","category-report","2022-07-10T21:42:55.194Z","This is a generated excerpt for post 305.","This is the full body content for generated post 305, belonging to the Report category."
"Generated Post 306 - Report","author-csdgi","category-report","2024-06-05T16:16:34.066Z","This is a generated excerpt for post 306.","This is the full body content for generated post 306, belonging to the Report category."
"Generated Post 307 - Report","author-csdgi","category-report","2022-10-28T20:37:47.317Z","This is a generated excerpt for post 307.","This is the full body content for generated post 307, belonging to the Report category."
"Generated Post 308 - Report","author-csdgi","category-report","2024-03-23T07:27:28.019Z","This is a generated excerpt for post 308.","This is the full body content for generated post 308, belonging to the Report category."
"Generated Post 309 - Report","author-csdgi","category-report","2021-09-30T16:00:33.063Z","This is a generated excerpt for post 309.","This is the full body content for generated post 309, belonging to the Report category."
"Generated Post 310 - Report","author-csdgi","category-report","2021-10-02T18:51:59.176Z","This is a generated excerpt for post 310.","This is the full body content for generated post 310, belonging to the Report category."
"Generated Post 311 - Report","author-csdgi","category-report","2023-12-24T06:31:31.797Z","This is a generated excerpt for post 311.","This is the full body content for generated post 311, belonging to the Report category."
"Generated Post 312 - Podcast","author-csdgi","category-podcast","2025-09-20T08:27:09.946Z","This is a generated excerpt for post 312.","This is the full body content for generated post 312, belonging to the Podcast category."
"Generated Post 313 - Report","author-csdgi","category-report","2022-06-03T11:36:04.263Z","This is a generated excerpt for post 313.","This is the full body content for generated post 313, belonging to the Report category."
"Generated Post 314 - Event","author-csdgi","category-event","2023-08-19T17:11:47.570Z","This is a generated excerpt for post 314.","This is the full body content for generated post 314, belonging to the Event category."
"Generated Post 315 - Report","author-csdgi","category-report","2022-12-24T01:15:54.269Z","This is a generated excerpt for post 315.","This is the full body content for generated post 315, belonging to the Report category."
"Generated Post 316 - Event","author-csdgi","category-event","2025-05-28T16:39:07.489Z","This is a generated excerpt for post 316.","This is the full body content for generated post 316, belonging to the Event category."
"Generated Post 317 - Report","author-csdgi","category-report","2023-03-29T20:10:37.193Z","This is a generated excerpt for post 317.","This is the full body content for generated post 317, belonging to the Report category."
"Generated Post 318 - Report","author-csdgi","category-report","2022-12-05T09:41:06.315Z","This is a generated excerpt for post 318.","This is the full body content for generated post 318, belonging to the Report category."
"Generated Post 319 - Interview","author-csdgi","category-interview","2025-06-21T19:47:06.032Z","This is a generated excerpt for post 319.","This is the full body content for generated post 319, belonging to the Interview category."
"Generated Post 320 - Event","author-csdgi","category-event","2025-02-22T07:46:42.624Z","This is a generated excerpt for post 320.","This is the full body content for generated post 320, belonging to the Event category."
"Generated Post 321 - Event","author-csdgi","category-event","2022-11-01T00:23:40.808Z","This is a generated excerpt for post 321.","This is the full body content for generated post 321, belonging to the Event category."
"Generated Post 322 - Event","author-csdgi","category-event","2024-03-08T01:59:52.615Z","This is a generated excerpt for post 322.","This is the full body content for generated post 322, belonging to the Event category."
"Generated Post 323 - Event","author-csdgi","category-event","2022-08-12T01:08:42.339Z","This is a generated excerpt for post 323.","This is the full body content for generated post 323, belonging to the Event category."
"Generated Post 324 - Report","author-csdgi","category-report","2022-06-08T14:54:35.406Z","This is a generated excerpt for post 324.","This is the full body content for generated post 324, belonging to the Report category."
"Generated Post 325 - Report","author-csdgi","category-report","2025-02-15T10:55:15.434Z","This is a generated excerpt for post 325.","This is the full body content for generated post 325, belonging to the Report category."
"Generated Post 326 - Event","author-csdgi","category-event","2023-09-17T10:43:23.380Z","This is a generated excerpt for post 326.","This is the full body content for generated post 326, belonging to the Event category."
"Generated Post 327 - Report","author-csdgi","category-report","2023-05-22T19:07:00.664Z","This is a generated excerpt for post 327.","This is the full body content for generated post 327, belonging to the Report category."
"Generated Post 328 - Event","author-csdgi","category-event","2022-10-21T08:52:31.830Z","This is a generated excerpt for post 328.","This is the full body content for generated post 328, belonging to the Event category."
"Generated Post 329 - Report","author-csdgi","category-report","2025-06-19T22:22:05.664Z","This is a generated excerpt for post 329.","This is the full body content for generated post 329, belonging to the Report category."
"Generated Post 330 - Report","author-csdgi","category-report","2024-06-20T06:25:04.146Z","This is a generated excerpt for post 330.","This is the full body content for generated post 330, belonging to the Report category."
"Generated Post 331 - Report","author-csdgi","category-report","2025-09-01T00:36:13.563Z","This is a generated excerpt for post 331.","This is the full body content for generated post 331, belonging to the Report category."
"Generated Post 332 - Report","author-csdgi","category-report","2021-09-20T00:02:46.216Z","This is a generated excerpt for post 332.","This is the full body content for generated post 332, belonging to the Report category."
"Generated Post 333 - Report","author-csdgi","category-report","2024-10-20T21:04:31.100Z","This is a generated excerpt for post 333.","This is the full body content for generated post 333, belonging to the Report category."
"Generated Post 334 - Podcast","author-csdgi","category-podcast","2025-08-26T12:03:33.617Z","This is a generated excerpt for post 334.","This is the full body content for generated post 334, belonging to the Podcast category."
"Generated Post 335 - Report","author-csdgi","category-report","2022-11-20T19:33:30.254Z","This is a generated excerpt for post 335.","This is the full body content for generated post 335, belonging to the Report category."
"Generated Post 336 - Report","author-csdgi","category-report","2023-04-07T11:45:27.962Z","This is a generated excerpt for post 336.","This is the full body content for generated post 336, belonging to the Report category."
"Generated Post 337 - Report","author-csdgi","category-report","2025-10-20T17:10:46.782Z","This is a generated excerpt for post 337.","This is the full body content for generated post 337, belonging to the Report category."
"Generated Post 338 - Report","author-csdgi","category-report","2025-04-09T14:34:32.863Z","This is a generated excerpt for post 338.","This is the full body content for generated post 338, belonging to the Report category."
"Generated Post 339 - Interview","author-csdgi","category-interview","2024-03-08T18:47:30.819Z","This is a generated excerpt for post 339.","This is the full body content for generated post 339, belonging to the Interview category."
"Generated Post 340 - Report","author-csdgi","category-report","2025-02-22T12:14:19.162Z","This is a generated excerpt for post 340.","This is the full body content for generated post 340, belonging to the Report category."
"Generated Post 341 - Report","author-csdgi","category-report","2024-10-28T14:49:25.265Z","This is a generated excerpt for post 341.","This is the full body content for generated post 341, belonging to the Report category."
"Generated Post 342 - Report","author-csdgi","category-report","2025-06-04T07:05:31.823Z","This is a generated excerpt for post 342.","This is the full body content for generated post 342, belonging to the Report category."
"Generated Post 343 - Report","author-csdgi","category-report","2023-12-10T03:36:01.421Z","This is a generated excerpt for post 343.","This is the full body content for generated post 343, belonging to the Report category."
"Generated Post 344 - Podcast","author-csdgi","category-podcast","2023-12-16T04:13:37.548Z","This is a generated excerpt for post 344.","This is the full body content for generated post 344, belonging to the Podcast category."
"Generated Post 345 - Event","author-csdgi","category-event","2024-02-01T02:57:20.285Z","This is a generated excerpt for post 345.","This is the full body content for generated post 345, belonging to the Event category."
"Generated Post 346 - Report","author-csdgi","category-report","2024-03-24T22:18:40.459Z","This is a generated excerpt for post 346.","This is the full body content for generated post 346, belonging to the Report category."
"Generated Post 347 - Report","author-csdgi","category-report","2025-01-13T00:51:41.870Z","This is a generated excerpt for post 347.","This is the full body content for generated post 347, belonging to the Report category."
"Generated Post 348 - Report","author-csdgi","category-report","2023-10-13T06:38:07.953Z","This is a generated excerpt for post 348.","This is the full body content for generated post 348, belonging to the Report category."
"Generated Post 349 - Report","author-csdgi","category-report","2024-07-28T08:25:49.128Z","This is a generated excerpt for post 349.","This is the full body content for generated post 349, belonging to the Report category."
"Generated Post 350 - Report","author-csdgi","category-report","2024-06-12T16:24:17.784Z","This is a generated excerpt for post 350.","This is the full body content for generated post 350, belonging to the Report category."
"Generated Post 351 - Event","author-csdgi","category-event","2023-12-18T18:52:17.388Z","This is a generated excerpt for post 351.","This is the full body content for generated post 351, belonging to the Event category."
"Generated Post 352 - Report","author-csdgi","category-report","2022-07-20T13:58:45.514Z","This is a generated excerpt for post 352.","This is the full body content for generated post 352, belonging to the Report category."
"Generated Post 353 - Report","author-csdgi","category-report","2024-03-21T03:56:58.428Z","This is a generated excerpt for post 353.","This is the full body content for generated post 353, belonging to the Report category."
"Generated Post 354 - Report","author-csdgi","category-report","2022-02-21T17:04:45.054Z","This is a generated excerpt for post 354.","This is the full body content for generated post 354, belonging to the Report category."
"Generated Post 355 - Report","author-csdgi","category-report","2025-05-04T13:17:17.441Z","This is a generated excerpt for post 355.","This is the full body content for generated post 355, belonging to the Report category."
"Generated Post 356 - Report","author-csdgi","category-report","2024-12-23T09:02:07.183Z","This is a generated excerpt for post 356.","This is the full body content for generated post 356, belonging to the Report category."
"Generated Post 357 - Report","author-csdgi","category-report","2023-12-14T05:44:26.329Z","This is a generated excerpt for post 357.","This is the full body content for generated post 357, belonging to the Report category."
"Generated Post 358 - Report","author-csdgi","category-report","2022-08-25T22:08:58.265Z","This is a generated excerpt for post 358.","This is the full body content for generated post 358, belonging to the Report category."
"Generated Post 359 - Report","author-csdgi","category-report","2023-04-20T02:47:59.279Z","This is a generated excerpt for post 359.","This is the full body content for generated post 359, belonging to the Report category."
"Generated Post 360 - Event","author-csdgi","category-event","2023-01-30T03:24:15.847Z","This is a generated excerpt for post 360.","This is the full body content for generated post 360, belonging to the Event category."
"Generated Post 361 - Report","author-csdgi","category-report","2025-04-21T20:15:21.583Z","This is a generated excerpt for post 361.","This is the full body content for generated post 361, belonging to the Report category."
"Generated Post 362 - Report","author-csdgi","category-report","2024-01-30T16:25:46.106Z","This is a generated excerpt for post 362.","This is the full body content for generated post 362, belonging to the Report category."
"Generated Post 363 - Report","author-csdgi","category-report","2022-06-08T17:18:25.317Z","This is a generated excerpt for post 363.","This is the full body content for generated post 363, belonging to the Report category."
"Generated Post 364 - Report","author-csdgi","category-report","2023-02-03T17:50:14.051Z","This is a generated excerpt for post 364.","This is the full body content for generated post 364, belonging to the Report category."
"Generated Post 365 - Report","author-csdgi","category-report","2021-12-20T22:38:35.216Z","This is a generated excerpt for post 365.","This is the full body content for generated post 365, belonging to the Report category."
"Generated Post 366 - Podcast","author-csdgi","category-podcast","2024-04-20T17:59:34.015Z","This is a generated excerpt for post 366.","This is the full body content for generated post 366, belonging to the Podcast category."
"Generated Post 367 - Report","author-csdgi","category-report","2022-06-24T23:59:43.132Z","This is a generated excerpt for post 367.","This is the full body content for generated post 367, belonging to the Report category."
"Generated Post 368 - Report","author-csdgi","category-report","2022-08-20T09:55:30.369Z","This is a generated excerpt for post 368.","This is the full body content for generated post 368, belonging to the Report category."
"Generated Post 369 - Podcast","author-csdgi","category-podcast","2023-08-20T10:04:34.248Z","This is a generated excerpt for post 369.","This is the full body content for generated post 369, belonging to the Podcast category."
"Generated Post 370 - Report","author-csdgi","category-report","2025-10-13T18:22:55.150Z","This is a generated excerpt for post 370.","This is the full body content for generated post 370, belonging to the Report category."
"Generated Post 371 - Report","author-csdgi","category-report","2023-11-29T01:58:56.008Z","This is a generated excerpt for post 371.","This is the full body content for generated post 371, belonging to the Report category."
"Generated Post 372 - Report","author-csdgi","category-report","2022-06-08T22:02:36.718Z","This is a generated excerpt for post 372.","This is the full body content for generated post 372, belonging to the Report category."
"Generated Post 373 - Report","author-csdgi","category-report","2023-02-13T16:27:03.120Z","This is a generated excerpt for post 373.","This is the full body content for generated post 373, belonging to the Report category."
"Generated Post 374 - Report","author-csdgi","category-report","2025-03-19T14:16:18.076Z","This is a generated excerpt for post 374.","This is the full body content for generated post 374, belonging to the Report category."
"Generated Post 375 - Report","author-csdgi","category-report","2022-08-28T04:07:52.326Z","This is a generated excerpt for post 375.","This is the full body content for generated post 375, belonging to the Report category."
"Generated Post 376 - Report","author-csdgi","category-report","2024-10-01T19:27:59.571Z","This is a generated excerpt for post 376.","This is the full body content for generated post 376, belonging to the Report category."
"Generated Post 377 - Report","author-csdgi","category-report","2024-10-12T06:13:16.919Z","This is a generated excerpt for post 377.","This is the full body content for generated post 377, belonging to the Report category."
"Generated Post 378 - Event","author-csdgi","category-event","2024-03-17T19:47:33.991Z","This is a generated excerpt for post 378.","This is the full body content for generated post 378, belonging to the Event category."
"Generated Post 379 - Interview","author-csdgi","category-interview","2024-08-10T06:42:32.870Z","This is a generated excerpt for post 379.","This is the full body content for generated post 379, belonging to the Interview category."
"Generated Post 380 - Report","author-csdgi","category-report","2025-03-29T04:03:44.242Z","This is a generated excerpt for post 380.","This is the full body content for generated post 380, belonging to the Report category."
"Generated Post 381 - Podcast","author-csdgi","category-podcast","2022-11-09T20:16:13.801Z","This is a generated excerpt for post 381.","This is the full body content for generated post 381, belonging to the Podcast category."
"Generated Post 382 - Report","author-csdgi","category-report","2022-04-29T17:32:29.096Z","This is a generated excerpt for post 382.","This is the full body content for generated post 382, belonging to the Report category."
"Generated Post 383 - Report","author-csdgi","category-report","2022-06-16T13:47:49.787Z","This is a generated excerpt for post 383.","This is the full body content for generated post 383, belonging to the Report category."
"Generated Post 384 - Interview","author-csdgi","category-interview","2022-09-19T23:55:25.159Z","This is a generated excerpt for post 384.","This is the full body content for generated post 384, belonging to the Interview category."
"Generated Post 385 - Podcast","author-csdgi","category-podcast","2022-01-09T19:07:34.384Z","This is a generated excerpt for post 385.","This is the full body content for generated post 385, belonging to the Podcast category."
"Generated Post 386 - Report","author-csdgi","category-report","2025-06-11T06:48:21.265Z","This is a generated excerpt for post 386.","This is the full body content for generated post 386, belonging to the Report category."
"Generated Post 387 - Report","author-csdgi","category-report","2025-02-18T13:13:21.049Z","This is a generated excerpt for post 387.","This is the full body content for generated post 387, belonging to the Report category."
"Generated Post 388 - Report","author-csdgi","category-report","2025-10-29T09:32:11.934Z","This is a generated excerpt for post 388.","This is the full body content for generated post 388, belonging to the Report category."
"Generated Post 389 - Report","author-csdgi","category-report","2021-10-12T01:47:08.868Z","This is a generated excerpt for post 389.","This is the full body content for generated post 389, belonging to the Report category."
"Generated Post 390 - Report","author-csdgi","category-report","2025-05-22T11:42:48.042Z","This is a generated excerpt for post 390.","This is the full body content for generated post 390, belonging to the Report category."
"Generated Post 391 - Report","author-csdgi","category-report","2025-09-27T16:12:11.965Z","This is a generated excerpt for post 391.","This is the full body content for generated post 391, belonging to the Report category."
"Generated Post 392 - Report","author-csdgi","category-report","2022-02-20T09:36:49.283Z","This is a generated excerpt for post 392.","This is the full body content for generated post 392, belonging to the Report category."
"Generated Post 393 - Interview","author-csdgi","category-interview","2022-07-03T17:37:55.752Z","This is a generated excerpt for post 393.","This is the full body content for generated post 393, belonging to the Interview category."
"Generated Post 394 - Report","author-csdgi","category-report","2023-04-13T06:31:40.488Z","This is a generated excerpt for post 394.","This is the full body content for generated post 394, belonging to the Report category."
"Generated Post 395 - Podcast","author-csdgi","category-podcast","2022-11-27T10:19:43.825Z","This is a generated excerpt for post 395.","This is the full body content for generated post 395, belonging to the Podcast category."
"Generated Post 396 - Report","author-csdgi","category-report","2024-05-18T23:19:52.434Z","This is a generated excerpt for post 396.","This is the full body content for generated post 396, belonging to the Report category."
"Generated Post 397 - Report","author-csdgi","category-report","2025-09-09T11:39:07.971Z","This is a generated excerpt for post 397.","This is the full body content for generated post 397, belonging to the Report category."
"Generated Post 398 - Report","author-csdgi","category-report","2023-06-07T01:35:19.793Z","This is a generated excerpt for post 398.","This is the full body content for generated post 398, belonging to the Report category."
"Generated Post 399 - Report","author-csdgi","category-report","2025-08-17T19:32:23.293Z","This is a generated excerpt for post 399.","This is the full body content for generated post 399, belonging to the Report category."
"Generated Post 400 - Report","author-csdgi","category-report","2024-06-17T08:23:29.280Z","This is a generated excerpt for post 400.","This is the full body content for generated post 400, belonging to the Report category."
